{
  "scenario": "Arm Chair",
  "saleOrder": {
    "id": "so-7",
    "order_number": "SO-2025007",
    "created_at": "2025-12-16T00:54:36.931Z",
    "base_price": 35000,
    "discount": 0,
    "final_price": 35000,
    "status": "confirmed",
    "order": {
      "id": "order-7",
      "order_number": "ORD-2025007",
      "created_at": "2025-12-16T00:54:36.931Z",
      "expected_delivery_date": "2026-01-15T00:54:36.931Z",
      "customer_name": "Customer Arm Chair",
      "customer_email": "customer7@example.com",
      "customer_phone": "+91 98765 43217",
      "delivery_address": {
        "street": "84 Palm Grove Road",
        "line2": "Koramangala 4th Block",
        "city": "Bengaluru",
        "pincode": "560034",
        "state": "Karnataka",
        "landmark": "Near Wipro Park"
      },
      "billing_address": {
        "street": "84 Palm Grove Road",
        "line2": "Koramangala 4th Block",
        "city": "Bengaluru",
        "pincode": "560034",
        "state": "Karnataka"
      },
      "logistics_partner": "Safe Express",
      "buyer_gst": "29ABCDE1234F2Z5",
      "status": "confirmed",
      "order_items": [
        {
          "product_title": "Wingback Accent Chair",
          "product_category": "ARM_CHAIR",
          "product_name": "Wingback Accent Chair",
          "total_price_rs": 35000,
          "configuration": {
            "style": "Wingback",
            "fabric": "Printed Cotton - Floral",
            "legs": "Cabriole - Mahogany"
          }
        }
      ]
    }
  },
  "jobCard": {
    "id": "jc-7",
    "job_card_number": "JC-2025007",
    "sale_order_id": "so-7",
    "product_title": "Wingback Accent Chair",
    "product_category": "ARM_CHAIR",
    "technical_specifications": {
      "product_type": "Arm Chair",
      "sofa_type": "Wingback",
      "configuration_summary": "Single Seater",
      "dimensions": {
        "length": 32,
        "depth": 34,
        "height": 44,
        "seat_height": 18,
        "seat_depth": 21,
        "arm_height": 25
      },
      "fabric": {
        "name": "Cotton Print",
        "color": "Floral / Multi",
        "supplier": "FabIndia (Sourced)",
        "direction": "Standard"
      },
      "structure": {
        "material": "Hardwood"
      },
      "legs": {
        "type": "Cabriole",
        "finish": "Mahogany Stain",
        "height": 8
      },
      "foam": {
        "seat": "Moulded",
        "back": "Soft",
        "firmness": "Medium"
      }
    },
    "created_at": "2025-12-16T00:54:36.931Z",
    "status": "pending"
  }
}